MSE,MAE,R2
7.901513892156864,2.0395392156862746,0.8922527442109116
