mse,rmse,r2
52.83836576796669,7.269000327965785,0.27948125010200286
