mse,rmse,r2
24.291119474973385,4.928602182665323,0.6687594935356338
