mse,rmse,r2
7.901513892156864,2.8109631609391226,0.8922527442109116
