mse,rmse,r2
25.860125490196076,5.0852851926117255,0.6473640882039258
